{
    "faces": [41,0,1,2,3,0,1,2,3,0,1,2,3,41,4,7,6,5,4,1,5,6,4,5,6,7,41,0,4,5,1,7,8,9,10,0,4,7,1,41,1,5,6,2,11,12,13,14,1,7,6,2,41,2,6,7,3,15,16,17,18,2,6,5,3,41,4,0,3,7,4,19,20,21,4,0,3,5],
    "name": "CubeGeometry.2",
    "uvs": [[0,0.666667,0.333333,0.666667,0.333333,1,0,1,0.333333,0.333333,0,0.666667,0,0.333333,0.666667,0.333333,0.333333,0.333333,0.333333,0,0.666667,0,0,0.333333,0,0,0.333333,0,0.333333,0.333333,1,0.333333,0.666667,0.333333,0.666667,0,1,0,0.666667,0.333333,0.666667,0.666667,0.333333,0.666667]],
    "vertices": [1,-1,-1.07068,1,-1,0.929319,-1,-1,0.929319,-1,-1,-1.07068,1,1,-1.07068,0.999999,1,0.929319,-1,1,0.929318,-1,1,-1.07068],
    "normals": [0.577349,-0.577349,-0.577349,0.577349,-0.577349,0.577349,-0.577349,-0.577349,0.577349,-0.577349,-0.577349,-0.577349,0.577349,0.577349,-0.577349,-0.577349,0.577349,-0.577349,-0.577349,0.577349,0.577349,0.577349,0.577349,0.577349],
    "metadata": {
        "generator": "io_three",
        "version": 3,
        "vertices": 8,
        "normals": 8,
        "type": "Geometry",
        "faces": 6,
        "uvs": 1
    }
}